date,product_code,customer_code,sold_quantity
2017-09-01,A0118150101,70002017,51
2017-09-01,A0118150101,70002018,77
2017-09-01,A0118150101,70003181,17
2017-09-01,A0118150101,70003182,6
2017-09-01,A0118150101,70006157,5
2017-09-01,A0118150101,70006158,7
2017-09-01,A0118150101,70007198,29
2017-09-01,A0118150101,70007199,34
2017-09-01,A0118150101,70008169,22
2017-09-01,A0118150101,70008170,5
2017-09-01,A0118150101,70011193,10
2017-09-01,A0118150101,70011194,4
2017-09-01,A0118150101,70012042,0
2017-09-01,A0118150101,70012043,0
2017-09-01,A0118150101,70013125,1
2017-09-01,A0118150101,70013126,1
2017-09-01,A0118150101,70016178,1
2017-09-01,A0118150101,70022085,20
2017-09-01,A0118150101,70023031,4
2017-09-01,A0118150101,80001019,10
2017-09-01,A0118150101,80006154,10
2017-09-01,A0118150101,80006155,28
2017-09-01,A0118150101,80007195,80
2017-09-01,A0118150101,90001021,1
2017-09-01,A0118150101,90002001,42
2017-09-01,A0118150101,90002002,40
2017-09-01,A0118150101,90002003,54
2017-09-01,A0118150101,90002005,77
2017-09-01,A0118150101,90002006,30
2017-09-01,A0118150101,90002007,67
2017-09-01,A0118150101,90002009,47
2017-09-01,A0118150101,90002010,58
2017-09-01,A0118150101,90002011,21
2017-09-01,A0118150101,90002013,17
2017-09-01,A0118150101,90002014,16
2017-09-01,A0118150101,90002015,32
2017-09-01,A0118150101,90003179,15
2017-09-01,A0118150101,90006153,9
2017-09-01,A0118150101,90007197,48
2017-09-01,A0118150101,90008165,9
2017-09-01,A0118150101,90008166,12
2017-09-01,A0118150101,90008167,10
2017-09-01,A0118150101,90011185,3
2017-09-01,A0118150101,90011186,2
2017-09-01,A0118150101,90011187,2
2017-09-01,A0118150101,90011189,5
2017-09-01,A0118150101,90011190,10
2017-09-01,A0118150101,90011191,14
2017-09-01,A0118150101,90012033,0
2017-09-01,A0118150101,90012034,0
2017-09-01,A0118150101,90012035,0
2017-09-01,A0118150101,90012037,0
2017-09-01,A0118150101,90012038,0
2017-09-01,A0118150101,90012039,0
2017-09-01,A0118150101,90012041,0
2017-09-01,A0118150101,90013117,1
2017-09-01,A0118150101,90013118,2
2017-09-01,A0118150101,90013119,2
2017-09-01,A0118150101,90013121,3
2017-09-01,A0118150101,90013122,3
2017-09-01,A0118150101,90013123,3
2017-09-01,A0118150101,90016173,1
2017-09-01,A0118150101,90016175,1
2017-09-01,A0118150101,90022071,21
2017-09-01,A0118150101,90022073,18
2017-09-01,A0118150101,90022074,39
2017-09-01,A0118150101,90022075,19
2017-09-01,A0118150101,90022077,10
2017-09-01,A0118150101,90022078,20
2017-09-01,A0118150101,90022079,29
2017-09-01,A0118150101,90022081,37
2017-09-01,A0118150101,90022082,6
2017-09-01,A0118150101,90022083,10
2017-09-01,A0118150101,90023022,5
2017-09-01,A0118150101,90023023,1
2017-09-01,A0118150101,90023025,1
2017-09-01,A0118150101,90023026,2
2017-09-01,A0118150101,90023027,1
2017-09-01,A0118150101,90023029,2
2017-09-01,A0118150101,90023030,4
2017-09-01,A0118150101,90027207,4
2017-10-01,A0118150101,70002017,54
2017-10-01,A0118150101,70002018,53
2017-10-01,A0118150101,70003181,22
2017-10-01,A0118150101,70003182,10
2017-10-01,A0118150101,70006157,4
2017-10-01,A0118150101,70006158,9
2017-10-01,A0118150101,70007198,12
2017-10-01,A0118150101,70008169,4
2017-10-01,A0118150101,70008170,22
2017-10-01,A0118150101,70011193,13
2017-10-01,A0118150101,70011194,8
2017-10-01,A0118150101,70013125,1
2017-10-01,A0118150101,70013126,4
2017-10-01,A0118150101,70016177,2
2017-10-01,A0118150101,70016178,2
2017-10-01,A0118150101,70022084,26
2017-10-01,A0118150101,70022085,28
2017-10-01,A0118150101,70023032,3
2017-10-01,A0118150101,70027208,5
2017-10-01,A0118150101,80006154,41
2017-10-01,A0118150101,80007196,52
2017-10-01,A0118150101,90001020,2
2017-10-01,A0118150101,90001021,5
2017-10-01,A0118150101,90002001,88
2017-10-01,A0118150101,90002002,71
2017-10-01,A0118150101,90002004,36
2017-10-01,A0118150101,90002005,55
2017-10-01,A0118150101,90002006,74
2017-10-01,A0118150101,90002008,32
2017-10-01,A0118150101,90002009,64
2017-10-01,A0118150101,90002010,40
2017-10-01,A0118150101,90002012,100
2017-10-01,A0118150101,90002013,22
2017-10-01,A0118150101,90002014,58
2017-10-01,A0118150101,90002016,45
2017-10-01,A0118150101,90003180,4
2017-10-01,A0118150101,90006153,12
2017-10-01,A0118150101,90006156,11
2017-10-01,A0118150101,90007197,53
2017-10-01,A0118150101,90008164,18
2017-10-01,A0118150101,90008165,13
2017-10-01,A0118150101,90008166,22
2017-10-01,A0118150101,90008168,19
2017-10-01,A0118150101,90011185,4
2017-10-01,A0118150101,90011186,16
2017-10-01,A0118150101,90011188,11
2017-10-01,A0118150101,90011189,18
2017-10-01,A0118150101,90011190,10
2017-10-01,A0118150101,90011192,5
2017-10-01,A0118150101,90013116,1
2017-10-01,A0118150101,90013117,1
2017-10-01,A0118150101,90013118,2
2017-10-01,A0118150101,90013120,4
2017-10-01,A0118150101,90013121,1
2017-10-01,A0118150101,90013122,4
2017-10-01,A0118150101,90013124,3
2017-10-01,A0118150101,90016172,2
2017-10-01,A0118150101,90016173,1
2017-10-01,A0118150101,90016174,1
2017-10-01,A0118150101,90016176,1
2017-10-01,A0118150101,90022072,39
2017-10-01,A0118150101,90022073,31
2017-10-01,A0118150101,90022074,45
2017-10-01,A0118150101,90022076,34
2017-10-01,A0118150101,90022077,29
2017-10-01,A0118150101,90022078,31
2017-10-01,A0118150101,90022080,14
2017-10-01,A0118150101,90022081,33
2017-10-01,A0118150101,90022082,42
2017-10-01,A0118150101,90023022,7
2017-10-01,A0118150101,90023024,3
2017-10-01,A0118150101,90023025,6
2017-10-01,A0118150101,90023026,1
2017-10-01,A0118150101,90023028,6
2017-10-01,A0118150101,90023029,4
2017-10-01,A0118150101,90023030,2
2017-11-01,A0118150101,70002017,30
2017-11-01,A0118150101,70003181,21
2017-11-01,A0118150101,70006157,13
2017-11-01,A0118150101,70007199,68
2017-11-01,A0118150101,70008169,31
2017-11-01,A0118150101,70011193,5
2017-11-01,A0118150101,70013125,4
2017-11-01,A0118150101,70016177,2
2017-11-01,A0118150101,70022084,50
2017-11-01,A0118150101,70022085,37
2017-11-01,A0118150101,70023031,7
2017-11-01,A0118150101,70023032,5
2017-11-01,A0118150101,70027208,5
2017-11-01,A0118150101,80001019,5
2017-11-01,A0118150101,80006155,9
2017-11-01,A0118150101,80007195,274
2017-11-01,A0118150101,80007196,192
2017-11-01,A0118150101,90001020,5
2017-11-01,A0118150101,90001021,5
2017-11-01,A0118150101,90002001,104
2017-11-01,A0118150101,90002003,93
2017-11-01,A0118150101,90002004,120
2017-11-01,A0118150101,90002005,97
2017-11-01,A0118150101,90002007,100
2017-11-01,A0118150101,90002008,105
2017-11-01,A0118150101,90002009,136
2017-11-01,A0118150101,90002011,18
2017-11-01,A0118150101,90002012,51
2017-11-01,A0118150101,90002013,109
2017-11-01,A0118150101,90002015,116
2017-11-01,A0118150101,90002016,19
2017-11-01,A0118150101,90003179,17
2017-11-01,A0118150101,90003180,17
2017-11-01,A0118150101,90006153,11
2017-11-01,A0118150101,90006156,17
2017-11-01,A0118150101,90007197,22
2017-11-01,A0118150101,90008164,10
2017-11-01,A0118150101,90008165,7
2017-11-01,A0118150101,90008167,13
2017-11-01,A0118150101,90008168,18
2017-11-01,A0118150101,90011185,21
2017-11-01,A0118150101,90011187,22
2017-11-01,A0118150101,90011188,9
2017-11-01,A0118150101,90011189,22
2017-11-01,A0118150101,90011191,4
2017-11-01,A0118150101,90011192,14
2017-11-01,A0118150101,90013116,2
2017-11-01,A0118150101,90013117,5
2017-11-01,A0118150101,90013119,1
2017-11-01,A0118150101,90013120,5
2017-11-01,A0118150101,90013121,2
2017-11-01,A0118150101,90013123,5
2017-11-01,A0118150101,90013124,6
2017-11-01,A0118150101,90016171,1
2017-11-01,A0118150101,90016173,1
2017-11-01,A0118150101,90016175,1
2017-11-01,A0118150101,90016176,1
2017-11-01,A0118150101,90022071,43
2017-11-01,A0118150101,90022072,16
2017-11-01,A0118150101,90022073,37
2017-11-01,A0118150101,90022075,7
2017-11-01,A0118150101,90022076,18
2017-11-01,A0118150101,90022077,26
2017-11-01,A0118150101,90022079,21
2017-11-01,A0118150101,90022080,55
2017-11-01,A0118150101,90022081,48
2017-11-01,A0118150101,90022083,30
2017-11-01,A0118150101,90023023,3
2017-11-01,A0118150101,90023024,5
2017-11-01,A0118150101,90023025,7
2017-11-01,A0118150101,90023027,6
2017-11-01,A0118150101,90023028,4
2017-11-01,A0118150101,90023029,3
2017-11-01,A0118150101,90027207,16
2017-12-01,A0118150101,70002018,129
2017-12-01,A0118150101,70003182,11
2017-12-01,A0118150101,70006158,6
2017-12-01,A0118150101,70007198,53
2017-12-01,A0118150101,70007199,47
2017-12-01,A0118150101,70008170,25
2017-12-01,A0118150101,70011194,7
2017-12-01,A0118150101,70013126,4
2017-12-01,A0118150101,70016178,3
2017-12-01,A0118150101,70022084,24
2017-12-01,A0118150101,70023031,8
2017-12-01,A0118150101,70023032,9
2017-12-01,A0118150101,70027208,3
2017-12-01,A0118150101,80001019,25
2017-12-01,A0118150101,80006154,45
2017-12-01,A0118150101,80006155,32
2017-12-01,A0118150101,80007195,70
2017-12-01,A0118150101,80007196,344
2017-12-01,A0118150101,90001020,2
2017-12-01,A0118150101,90002002,131
2017-12-01,A0118150101,90002003,28
2017-12-01,A0118150101,90002004,17
2017-12-01,A0118150101,90002006,42
2017-12-01,A0118150101,90002007,49
2017-12-01,A0118150101,90002008,58
2017-12-01,A0118150101,90002010,94
2017-12-01,A0118150101,90002011,43
2017-12-01,A0118150101,90002012,50
2017-12-01,A0118150101,90002014,128
2017-12-01,A0118150101,90002015,81
2017-12-01,A0118150101,90002016,70
2017-12-01,A0118150101,90003179,30
2017-12-01,A0118150101,90003180,42
2017-12-01,A0118150101,90006156,15
2017-12-01,A0118150101,90008164,10
2017-12-01,A0118150101,90008166,36
2017-12-01,A0118150101,90008167,40
2017-12-01,A0118150101,90008168,27
2017-12-01,A0118150101,90011186,5
2017-12-01,A0118150101,90011187,22
2017-12-01,A0118150101,90011188,8
2017-12-01,A0118150101,90011190,6
2017-12-01,A0118150101,90011191,10
2017-12-01,A0118150101,90011192,24
2017-12-01,A0118150101,90013116,3
2017-12-01,A0118150101,90013118,6
2017-12-01,A0118150101,90013119,5
2017-12-01,A0118150101,90013120,4
2017-12-01,A0118150101,90013122,1
2017-12-01,A0118150101,90013123,4
2017-12-01,A0118150101,90013124,1
2017-12-01,A0118150101,90016171,1
2017-12-01,A0118150101,90016172,2
2017-12-01,A0118150101,90016174,1
2017-12-01,A0118150101,90016175,2
2017-12-01,A0118150101,90016176,1
2017-12-01,A0118150101,90022071,65
2017-12-01,A0118150101,90022072,33
2017-12-01,A0118150101,90022074,62
2017-12-01,A0118150101,90022075,54
2017-12-01,A0118150101,90022076,59
2017-12-01,A0118150101,90022078,12
2017-12-01,A0118150101,90022079,19
2017-12-01,A0118150101,90022080,16
2017-12-01,A0118150101,90022082,15
2017-12-01,A0118150101,90022083,21
2017-12-01,A0118150101,90023022,6
2017-12-01,A0118150101,90023023,5
2017-12-01,A0118150101,90023024,3
2017-12-01,A0118150101,90023026,7
2017-12-01,A0118150101,90023027,6
2017-12-01,A0118150101,90023028,8
2017-12-01,A0118150101,90023030,3
2017-12-01,A0118150101,90027207,4
2018-01-01,A0118150101,70002017,14
2018-01-01,A0118150101,70002018,17
2018-01-01,A0118150101,70003181,16
2018-01-01,A0118150101,70003182,8
2018-01-01,A0118150101,70006157,2
2018-01-01,A0118150101,70006158,8
2018-01-01,A0118150101,70007198,11
2018-01-01,A0118150101,70007199,7
2018-01-01,A0118150101,70008169,8
2018-01-01,A0118150101,70008170,19
2018-01-01,A0118150101,70011193,11
2018-01-01,A0118150101,70011194,4
2018-01-01,A0118150101,70013125,2
2018-01-01,A0118150101,70013126,2
2018-01-01,A0118150101,70016177,1
2018-01-01,A0118150101,70016178,1
2018-01-01,A0118150101,70022085,7
2018-01-01,A0118150101,70023031,4
2018-01-01,A0118150101,80001019,4
2018-01-01,A0118150101,80006154,7
2018-01-01,A0118150101,80006155,30
2018-01-01,A0118150101,80007195,85
2018-01-01,A0118150101,90001021,3
2018-01-01,A0118150101,90002001,37
2018-01-01,A0118150101,90002002,31
2018-01-01,A0118150101,90002003,46
2018-01-01,A0118150101,90002005,37
2018-01-01,A0118150101,90002006,67
2018-01-01,A0118150101,90002007,16
2018-01-01,A0118150101,90002009,69
2018-01-01,A0118150101,90002010,45
2018-01-01,A0118150101,90002011,56
2018-01-01,A0118150101,90002013,12
2018-01-01,A0118150101,90002014,16
2018-01-01,A0118150101,90002015,49
2018-01-01,A0118150101,90003179,13
2018-01-01,A0118150101,90006153,10
2018-01-01,A0118150101,90007197,30
2018-01-01,A0118150101,90008165,13
2018-01-01,A0118150101,90008166,15
2018-01-01,A0118150101,90008167,11
2018-01-01,A0118150101,90011185,14
2018-01-01,A0118150101,90011186,9
2018-01-01,A0118150101,90011187,4
2018-01-01,A0118150101,90011189,7
2018-01-01,A0118150101,90011190,13
2018-01-01,A0118150101,90011191,12
2018-01-01,A0118150101,90013117,3
2018-01-01,A0118150101,90013118,1
2018-01-01,A0118150101,90013119,1
2018-01-01,A0118150101,90013121,1
2018-01-01,A0118150101,90013122,3
2018-01-01,A0118150101,90013123,2
2018-01-01,A0118150101,90016171,1
2018-01-01,A0118150101,90016175,1
2018-01-01,A0118150101,90022071,6
2018-01-01,A0118150101,90022073,32
2018-01-01,A0118150101,90022074,19
2018-01-01,A0118150101,90022075,32
2018-01-01,A0118150101,90022077,35
2018-01-01,A0118150101,90022078,14
2018-01-01,A0118150101,90022079,31
2018-01-01,A0118150101,90022081,58
2018-01-01,A0118150101,90022082,16
2018-01-01,A0118150101,90022083,20
2018-01-01,A0118150101,90023022,2
2018-01-01,A0118150101,90023023,3
2018-01-01,A0118150101,90023025,5
2018-01-01,A0118150101,90023026,4
2018-01-01,A0118150101,90023027,2
2018-01-01,A0118150101,90023029,1
2018-01-01,A0118150101,90023030,5
2018-01-01,A0118150101,90027207,6
2018-02-01,A0118150101,70002017,62
2018-02-01,A0118150101,70002018,73
2018-02-01,A0118150101,70003181,12
2018-02-01,A0118150101,70003182,9
2018-02-01,A0118150101,70006157,9
2018-02-01,A0118150101,70006158,1
2018-02-01,A0118150101,70007198,26
2018-02-01,A0118150101,70008169,13
2018-02-01,A0118150101,70008170,9
2018-02-01,A0118150101,70011193,1
2018-02-01,A0118150101,70011194,5
2018-02-01,A0118150101,70013125,2
2018-02-01,A0118150101,70013126,1
2018-02-01,A0118150101,70016178,1
2018-02-01,A0118150101,70022084,32
2018-02-01,A0118150101,70022085,16
2018-02-01,A0118150101,70023032,1
2018-02-01,A0118150101,70027208,10
2018-02-01,A0118150101,80006154,22
2018-02-01,A0118150101,80007196,22
2018-02-01,A0118150101,90001020,2
2018-02-01,A0118150101,90001021,2
2018-02-01,A0118150101,90002001,34
2018-02-01,A0118150101,90002002,16
2018-02-01,A0118150101,90002004,28
2018-02-01,A0118150101,90002005,69
2018-02-01,A0118150101,90002006,77
2018-02-01,A0118150101,90002008,91
2018-02-01,A0118150101,90002009,52
2018-02-01,A0118150101,90002010,28
2018-02-01,A0118150101,90002012,70
2018-02-01,A0118150101,90002013,13
2018-02-01,A0118150101,90002014,16
2018-02-01,A0118150101,90002016,62
2018-02-01,A0118150101,90003180,12
2018-02-01,A0118150101,90006153,10
2018-02-01,A0118150101,90006156,3
2018-02-01,A0118150101,90007197,48
2018-02-01,A0118150101,90008164,4
2018-02-01,A0118150101,90008165,17
2018-02-01,A0118150101,90008166,9
2018-02-01,A0118150101,90008168,3
2018-02-01,A0118150101,90011185,12
2018-02-01,A0118150101,90011186,2
2018-02-01,A0118150101,90011188,2
2018-02-01,A0118150101,90011189,4
2018-02-01,A0118150101,90011190,14
2018-02-01,A0118150101,90011192,3
2018-02-01,A0118150101,90013116,1
2018-02-01,A0118150101,90013117,2
2018-02-01,A0118150101,90013118,3
2018-02-01,A0118150101,90013120,2
2018-02-01,A0118150101,90013121,1
2018-02-01,A0118150101,90013122,1
2018-02-01,A0118150101,90016172,1
2018-02-01,A0118150101,90016173,1
2018-02-01,A0118150101,90016174,1
2018-02-01,A0118150101,90022072,32
2018-02-01,A0118150101,90022073,25
2018-02-01,A0118150101,90022074,36
2018-02-01,A0118150101,90022076,37
2018-02-01,A0118150101,90022077,25
2018-02-01,A0118150101,90022078,12
2018-02-01,A0118150101,90022080,36
2018-02-01,A0118150101,90022081,53
2018-02-01,A0118150101,90022082,34
2018-02-01,A0118150101,90023022,3
2018-02-01,A0118150101,90023024,5
2018-02-01,A0118150101,90023025,4
2018-02-01,A0118150101,90023026,2
2018-02-01,A0118150101,90023028,1
2018-02-01,A0118150101,90023029,4
2018-02-01,A0118150101,90023030,1
2018-03-01,A0118150101,70002017,60
2018-03-01,A0118150101,70003181,22
2018-03-01,A0118150101,70006157,2
2018-03-01,A0118150101,70007199,44
2018-03-01,A0118150101,70008169,4
2018-03-01,A0118150101,70011193,6
2018-03-01,A0118150101,70013125,3
2018-03-01,A0118150101,70016177,1
2018-03-01,A0118150101,70022084,35
2018-03-01,A0118150101,70022085,12
2018-03-01,A0118150101,70023031,2
2018-03-01,A0118150101,70023032,1
2018-03-01,A0118150101,70027208,11
2018-03-01,A0118150101,80001019,4
2018-03-01,A0118150101,80006155,41
2018-03-01,A0118150101,80007195,169
2018-03-01,A0118150101,80007196,140
2018-03-01,A0118150101,90001020,3
2018-03-01,A0118150101,90001021,2
2018-03-01,A0118150101,90002001,34
2018-03-01,A0118150101,90002003,36
2018-03-01,A0118150101,90002004,66
2018-03-01,A0118150101,90002005,19
2018-03-01,A0118150101,90002007,43
2018-03-01,A0118150101,90002008,122
2018-03-01,A0118150101,90002009,20
2018-03-01,A0118150101,90002011,46
2018-03-01,A0118150101,90002012,56
2018-03-01,A0118150101,90002013,35
2018-03-01,A0118150101,90002015,24
2018-03-01,A0118150101,90002016,72
2018-03-01,A0118150101,90003179,14
2018-03-01,A0118150101,90003180,19
2018-03-01,A0118150101,90006153,4
2018-03-01,A0118150101,90006156,3
2018-03-01,A0118150101,90007197,15
2018-03-01,A0118150101,90008164,9
2018-03-01,A0118150101,90008165,12
2018-03-01,A0118150101,90008167,13
2018-03-01,A0118150101,90008168,19
2018-03-01,A0118150101,90011185,7
2018-03-01,A0118150101,90011187,5
2018-03-01,A0118150101,90011188,8
2018-03-01,A0118150101,90011189,6
2018-03-01,A0118150101,90011191,12
2018-03-01,A0118150101,90011192,6
2018-03-01,A0118150101,90013116,1
2018-03-01,A0118150101,90013117,1
2018-03-01,A0118150101,90013119,1
2018-03-01,A0118150101,90013120,2
2018-03-01,A0118150101,90013121,2
2018-03-01,A0118150101,90013123,1
2018-03-01,A0118150101,90013124,3
2018-03-01,A0118150101,90016171,1
2018-03-01,A0118150101,90016172,1
2018-03-01,A0118150101,90016175,1
2018-03-01,A0118150101,90016176,1
2018-03-01,A0118150101,90022071,36
2018-03-01,A0118150101,90022072,9
2018-03-01,A0118150101,90022073,4
2018-03-01,A0118150101,90022075,20
2018-03-01,A0118150101,90022076,31
2018-03-01,A0118150101,90022077,30
2018-03-01,A0118150101,90022079,5
2018-03-01,A0118150101,90022080,21
2018-03-01,A0118150101,90022081,31
2018-03-01,A0118150101,90022083,18
2018-03-01,A0118150101,90023023,7
2018-03-01,A0118150101,90023024,1
2018-03-01,A0118150101,90023025,1
2018-03-01,A0118150101,90023027,3
2018-03-01,A0118150101,90023028,5
2018-03-01,A0118150101,90023029,2
2018-03-01,A0118150101,90027207,9
2018-04-01,A0118150101,70002018,67
2018-04-01,A0118150101,70003182,5
2018-04-01,A0118150101,70006158,3
2018-04-01,A0118150101,70007198,29
2018-04-01,A0118150101,70007199,12
2018-04-01,A0118150101,70008170,12
2018-04-01,A0118150101,70011194,3
2018-04-01,A0118150101,70013126,1
2018-04-01,A0118150101,70016178,1
2018-04-01,A0118150101,70022084,33
2018-04-01,A0118150101,70023031,2
2018-04-01,A0118150101,70023032,1
2018-04-01,A0118150101,70027208,10
2018-04-01,A0118150101,80001019,8
2018-04-01,A0118150101,80006154,19
2018-04-01,A0118150101,80006155,35
2018-04-01,A0118150101,80007195,107
2018-04-01,A0118150101,80007196,138
2018-04-01,A0118150101,90001020,3
2018-04-01,A0118150101,90002002,9
2018-04-01,A0118150101,90002003,50
2018-04-01,A0118150101,90002004,33
2018-04-01,A0118150101,90002006,26
2018-04-01,A0118150101,90002007,72
2018-04-01,A0118150101,90002008,61
2018-04-01,A0118150101,90002010,20
2018-04-01,A0118150101,90002011,64
2018-04-01,A0118150101,90002012,12
2018-04-01,A0118150101,90002014,67
2018-04-01,A0118150101,90002015,20
2018-04-01,A0118150101,90002016,68
2018-04-01,A0118150101,90003179,11
2018-04-01,A0118150101,90003180,16
2018-04-01,A0118150101,90006156,10
2018-04-01,A0118150101,90008164,3
2018-04-01,A0118150101,90008166,16
2018-04-01,A0118150101,90008167,5
2018-04-01,A0118150101,90008168,11
2018-04-01,A0118150101,90011186,5
2018-04-01,A0118150101,90011187,12
2018-04-01,A0118150101,90011188,3
2018-04-01,A0118150101,90011190,4
2018-04-01,A0118150101,90011191,7
2018-04-01,A0118150101,90011192,6
2018-04-01,A0118150101,90013116,3
2018-04-01,A0118150101,90013118,3
2018-04-01,A0118150101,90013119,1
2018-04-01,A0118150101,90013120,2
2018-04-01,A0118150101,90013122,3
2018-04-01,A0118150101,90013123,1
2018-04-01,A0118150101,90013124,1
2018-04-01,A0118150101,90016171,1
2018-04-01,A0118150101,90016172,1
2018-04-01,A0118150101,90016175,1
2018-04-01,A0118150101,90016176,1
2018-04-01,A0118150101,90022071,18
2018-04-01,A0118150101,90022072,31
2018-04-01,A0118150101,90022074,48
2018-04-01,A0118150101,90022075,38
2018-04-01,A0118150101,90022076,4
2018-04-01,A0118150101,90022078,5
2018-04-01,A0118150101,90022079,23
2018-04-01,A0118150101,90022080,21
2018-04-01,A0118150101,90022082,15
2018-04-01,A0118150101,90022083,9
2018-04-01,A0118150101,90023022,4
2018-04-01,A0118150101,90023023,6
2018-04-01,A0118150101,90023024,3
2018-04-01,A0118150101,90023026,4
2018-04-01,A0118150101,90023027,2
2018-04-01,A0118150101,90023028,5
2018-04-01,A0118150101,90023030,1
2018-04-01,A0118150101,90027207,6
2018-05-01,A0118150101,70002017,53
2018-05-01,A0118150101,70002018,71
2018-05-01,A0118150101,70003181,22
2018-05-01,A0118150101,70003182,16
2018-05-01,A0118150101,70006157,10
2018-05-01,A0118150101,70006158,4
2018-05-01,A0118150101,70007198,34
2018-05-01,A0118150101,70007199,39
2018-05-01,A0118150101,70008169,9
2018-05-01,A0118150101,70008170,9
2018-05-01,A0118150101,70011193,14
2018-05-01,A0118150101,70011194,9
2018-05-01,A0118150101,70013125,1
2018-05-01,A0118150101,70013126,2
2018-05-01,A0118150101,70016177,1
2018-05-01,A0118150101,70016178,1
2018-05-01,A0118150101,70022085,13
2018-05-01,A0118150101,70023031,3
2018-05-01,A0118150101,80001019,4
2018-05-01,A0118150101,80006154,39
2018-05-01,A0118150101,80006155,29
2018-05-01,A0118150101,80007195,52
2018-05-01,A0118150101,90001021,2
2018-05-01,A0118150101,90002001,50
2018-05-01,A0118150101,90002002,39
2018-05-01,A0118150101,90002003,28
2018-05-01,A0118150101,90002005,30
2018-05-01,A0118150101,90002006,10
2018-05-01,A0118150101,90002007,27
2018-05-01,A0118150101,90002009,53
2018-05-01,A0118150101,90002010,12
2018-05-01,A0118150101,90002011,17
2018-05-01,A0118150101,90002013,39
2018-05-01,A0118150101,90002014,71
2018-05-01,A0118150101,90002015,75
2018-05-01,A0118150101,90003179,13
2018-05-01,A0118150101,90006153,10
2018-05-01,A0118150101,90007197,33
2018-05-01,A0118150101,90008165,4
2018-05-01,A0118150101,90008166,20
2018-05-01,A0118150101,90008167,2
2018-05-01,A0118150101,90011185,10
2018-05-01,A0118150101,90011186,8
2018-05-01,A0118150101,90011187,12
2018-05-01,A0118150101,90011189,7
2018-05-01,A0118150101,90011190,7
2018-05-01,A0118150101,90011191,11
2018-05-01,A0118150101,90013117,2
2018-05-01,A0118150101,90013118,3
2018-05-01,A0118150101,90013119,2
2018-05-01,A0118150101,90013121,2
2018-05-01,A0118150101,90013122,3
2018-05-01,A0118150101,90013123,2
2018-05-01,A0118150101,90016171,1
2018-05-01,A0118150101,90016173,1
2018-05-01,A0118150101,90022071,25
2018-05-01,A0118150101,90022073,10
2018-05-01,A0118150101,90022074,26
2018-05-01,A0118150101,90022075,13
2018-05-01,A0118150101,90022077,13
2018-05-01,A0118150101,90022078,9
2018-05-01,A0118150101,90022079,27
2018-05-01,A0118150101,90022081,40
2018-05-01,A0118150101,90022082,35
2018-05-01,A0118150101,90022083,27
2018-05-01,A0118150101,90023022,4
2018-05-01,A0118150101,90023023,5
2018-05-01,A0118150101,90023025,3
2018-05-01,A0118150101,90023026,1
2018-05-01,A0118150101,90023027,5
2018-05-01,A0118150101,90023029,1
2018-05-01,A0118150101,90023030,5
2018-05-01,A0118150101,90027207,7
2018-06-01,A0118150101,70002017,56
2018-06-01,A0118150101,70002018,15
2018-06-01,A0118150101,70003181,22
2018-06-01,A0118150101,70003182,21
2018-06-01,A0118150101,70006157,8
2018-06-01,A0118150101,70006158,6
2018-06-01,A0118150101,70007198,45
2018-06-01,A0118150101,70008169,10
2018-06-01,A0118150101,70008170,12
2018-06-01,A0118150101,70011193,11
2018-06-01,A0118150101,70011194,2
2018-06-01,A0118150101,70013125,1
2018-06-01,A0118150101,70016177,1
2018-06-01,A0118150101,70016178,1
2018-06-01,A0118150101,70022084,8
2018-06-01,A0118150101,70022085,35
2018-06-01,A0118150101,70023032,4
2018-06-01,A0118150101,70027208,4
2018-06-01,A0118150101,80006154,27
2018-06-01,A0118150101,80007196,149
2018-06-01,A0118150101,90001020,4
2018-06-01,A0118150101,90001021,1
2018-06-01,A0118150101,90002001,24
2018-06-01,A0118150101,90002002,39
2018-06-01,A0118150101,90002004,56
2018-06-01,A0118150101,90002005,17
2018-06-01,A0118150101,90002006,41
2018-06-01,A0118150101,90002008,122
2018-06-01,A0118150101,90002009,31
2018-06-01,A0118150101,90002010,75
2018-06-01,A0118150101,90002012,63
2018-06-01,A0118150101,90002013,71
2018-06-01,A0118150101,90002014,8
2018-06-01,A0118150101,90002016,38
2018-06-01,A0118150101,90003180,8
2018-06-01,A0118150101,90006153,9
2018-06-01,A0118150101,90006156,7
2018-06-01,A0118150101,90007197,9
2018-06-01,A0118150101,90008164,6
2018-06-01,A0118150101,90008165,13
2018-06-01,A0118150101,90008166,3
2018-06-01,A0118150101,90008168,22
2018-06-01,A0118150101,90011185,9
2018-06-01,A0118150101,90011186,13
2018-06-01,A0118150101,90011188,8
2018-06-01,A0118150101,90011189,3
2018-06-01,A0118150101,90011190,8
2018-06-01,A0118150101,90011192,1
2018-06-01,A0118150101,90013116,2
2018-06-01,A0118150101,90013117,1
2018-06-01,A0118150101,90013118,1
2018-06-01,A0118150101,90013120,1
2018-06-01,A0118150101,90013121,1
2018-06-01,A0118150101,90013122,3
2018-06-01,A0118150101,90013124,3
2018-06-01,A0118150101,90016172,1
2018-06-01,A0118150101,90022072,38
2018-06-01,A0118150101,90022073,27
2018-06-01,A0118150101,90022074,22
2018-06-01,A0118150101,90022076,13
2018-06-01,A0118150101,90022077,8
2018-06-01,A0118150101,90022078,25
2018-06-01,A0118150101,90022080,15
2018-06-01,A0118150101,90022081,60
2018-06-01,A0118150101,90022082,27
2018-06-01,A0118150101,90023022,3
2018-06-01,A0118150101,90023024,4
2018-06-01,A0118150101,90023025,1
2018-06-01,A0118150101,90023026,1
2018-06-01,A0118150101,90023028,5
2018-06-01,A0118150101,90023029,2
2018-06-01,A0118150101,90023030,1
2018-07-01,A0118150101,70002017,76
2018-07-01,A0118150101,70003181,10
2018-07-01,A0118150101,70006157,1
2018-07-01,A0118150101,70007199,48
2018-07-01,A0118150101,70008169,18
2018-07-01,A0118150101,70011193,12
2018-07-01,A0118150101,70013125,1
2018-07-01,A0118150101,70022084,21
2018-07-01,A0118150101,70022085,30
2018-07-01,A0118150101,70023031,4
2018-07-01,A0118150101,70023032,4
2018-07-01,A0118150101,70027208,8
2018-07-01,A0118150101,80001019,6
2018-07-01,A0118150101,80006155,32
2018-07-01,A0118150101,80007195,124
2018-07-01,A0118150101,80007196,92
2018-07-01,A0118150101,90001020,3
2018-07-01,A0118150101,90002001,13
2018-07-01,A0118150101,90002003,22
2018-07-01,A0118150101,90002004,38
2018-07-01,A0118150101,90002005,61
2018-07-01,A0118150101,90002007,41
2018-07-01,A0118150101,90002008,71
2018-07-01,A0118150101,90002009,55
2018-07-01,A0118150101,90002011,38
2018-07-01,A0118150101,90002012,43
2018-07-01,A0118150101,90002013,65
2018-07-01,A0118150101,90002015,70
2018-07-01,A0118150101,90002016,70
2018-07-01,A0118150101,90003179,14
2018-07-01,A0118150101,90003180,12
2018-07-01,A0118150101,90006153,2
2018-07-01,A0118150101,90006156,10
2018-07-01,A0118150101,90007197,31
2018-07-01,A0118150101,90008164,10
2018-07-01,A0118150101,90008165,19
2018-07-01,A0118150101,90008167,12
2018-07-01,A0118150101,90008168,10
2018-07-01,A0118150101,90011185,14
2018-07-01,A0118150101,90011187,3
2018-07-01,A0118150101,90011188,5
2018-07-01,A0118150101,90011189,4
2018-07-01,A0118150101,90011191,8
2018-07-01,A0118150101,90011192,7
2018-07-01,A0118150101,90013116,3
2018-07-01,A0118150101,90013117,1
2018-07-01,A0118150101,90013119,1
2018-07-01,A0118150101,90013121,2
2018-07-01,A0118150101,90013123,3
2018-07-01,A0118150101,90013124,2
2018-07-01,A0118150101,90016171,1
2018-07-01,A0118150101,90016172,1
2018-07-01,A0118150101,90016175,1
2018-07-01,A0118150101,90022071,9
2018-07-01,A0118150101,90022072,8
2018-07-01,A0118150101,90022073,11
2018-07-01,A0118150101,90022075,12
2018-07-01,A0118150101,90022076,23
2018-07-01,A0118150101,90022077,7
2018-07-01,A0118150101,90022079,37
2018-07-01,A0118150101,90022080,28
2018-07-01,A0118150101,90022081,21
2018-07-01,A0118150101,90022083,7
2018-07-01,A0118150101,90023023,2
2018-07-01,A0118150101,90023024,4
2018-07-01,A0118150101,90023025,4
2018-07-01,A0118150101,90023027,4
2018-07-01,A0118150101,90023028,5
2018-07-01,A0118150101,90023029,3
2018-07-01,A0118150101,90027207,10
2018-08-01,A0118150101,70002018,19
2018-08-01,A0118150101,70003182,5
2018-08-01,A0118150101,70006158,10
2018-08-01,A0118150101,70007198,10
2018-08-01,A0118150101,70007199,26
2018-08-01,A0118150101,70008170,6
2018-08-01,A0118150101,70011194,4
2018-08-01,A0118150101,70013126,3
2018-08-01,A0118150101,70016178,1
2018-08-01,A0118150101,70022084,18
2018-08-01,A0118150101,70023031,1
2018-08-01,A0118150101,70023032,1
2018-08-01,A0118150101,70027208,2
2018-08-01,A0118150101,80001019,6
2018-08-01,A0118150101,80006154,10
2018-08-01,A0118150101,80006155,15
2018-08-01,A0118150101,80007195,92
2018-08-01,A0118150101,80007196,54
2018-08-01,A0118150101,90001020,2
2018-08-01,A0118150101,90002002,42
2018-08-01,A0118150101,90002003,73
2018-08-01,A0118150101,90002004,73
2018-08-01,A0118150101,90002006,60
2018-08-01,A0118150101,90002007,25
2018-08-01,A0118150101,90002008,40
2018-08-01,A0118150101,90002010,34
2018-08-01,A0118150101,90002011,70
2018-08-01,A0118150101,90002012,58
2018-08-01,A0118150101,90002014,74
2018-08-01,A0118150101,90002015,32
2018-08-01,A0118150101,90002016,33
2018-08-01,A0118150101,90003179,11
2018-08-01,A0118150101,90003180,20
2018-08-01,A0118150101,90006156,10
2018-08-01,A0118150101,90008164,21
2018-08-01,A0118150101,90008166,16
2018-08-01,A0118150101,90008167,4
2018-08-01,A0118150101,90008168,20
2018-08-01,A0118150101,90011186,11
2018-08-01,A0118150101,90011187,12
2018-08-01,A0118150101,90011188,4
2018-08-01,A0118150101,90011190,2
2018-08-01,A0118150101,90011191,5
2018-08-01,A0118150101,90011192,6
2018-08-01,A0118150101,90013116,1
2018-08-01,A0118150101,90013118,2
2018-08-01,A0118150101,90013119,2
2018-08-01,A0118150101,90013120,1
2018-08-01,A0118150101,90013122,1
2018-08-01,A0118150101,90013123,1
2018-08-01,A0118150101,90013124,2
2018-08-01,A0118150101,90016171,1
2018-08-01,A0118150101,90016174,1
2018-08-01,A0118150101,90016175,1
2018-08-01,A0118150101,90016176,1
2018-08-01,A0118150101,90022071,19
2018-08-01,A0118150101,90022072,18
2018-08-01,A0118150101,90022074,38
2018-08-01,A0118150101,90022075,17
2018-08-01,A0118150101,90022076,29
2018-08-01,A0118150101,90022078,35
2018-08-01,A0118150101,90022079,27
2018-08-01,A0118150101,90022080,34
2018-08-01,A0118150101,90022082,18
2018-08-01,A0118150101,90022083,20
2018-08-01,A0118150101,90023022,2
2018-08-01,A0118150101,90023023,2
2018-08-01,A0118150101,90023024,5
2018-08-01,A0118150101,90023026,1
2018-08-01,A0118150101,90023027,3
2018-08-01,A0118150101,90023028,5
2018-08-01,A0118150101,90023030,1
2018-08-01,A0118150101,90027207,6
2018-09-01,A0118150101,70002017,34
2018-09-01,A0118150101,70002018,40
2018-09-01,A0118150101,70003181,15
2018-09-01,A0118150101,70003182,26
2018-09-01,A0118150101,70005163,3
2018-09-01,A0118150101,70006157,28
2018-09-01,A0118150101,70006158,21
2018-09-01,A0118150101,70007198,60
2018-09-01,A0118150101,70007199,15
2018-09-01,A0118150101,70008169,20
2018-09-01,A0118150101,70008170,8
2018-09-01,A0118150101,70010047,10
2018-09-01,A0118150101,70011193,19
2018-09-01,A0118150101,70011194,14
2018-09-01,A0118150101,70012042,22
2018-09-01,A0118150101,70012043,14
2018-09-01,A0118150101,70013125,4
2018-09-01,A0118150101,70013126,20
2018-09-01,A0118150101,70014142,2
2018-09-01,A0118150101,70014143,2
2018-09-01,A0118150101,70016177,3
2018-09-01,A0118150101,70016178,4
2018-09-01,A0118150101,70022085,72
2018-09-01,A0118150101,70023031,13
2018-09-01,A0118150101,70026206,11
2018-09-01,A0118150101,80001019,12
2018-09-01,A0118150101,80006154,38
2018-09-01,A0118150101,80006155,150
2018-09-01,A0118150101,80007195,52
2018-09-01,A0118150101,90001021,6
2018-09-01,A0118150101,90002001,67
2018-09-01,A0118150101,90002002,111
2018-09-01,A0118150101,90002003,99
2018-09-01,A0118150101,90002005,55
2018-09-01,A0118150101,90002006,34
2018-09-01,A0118150101,90002007,112
2018-09-01,A0118150101,90002009,115
2018-09-01,A0118150101,90002010,60
2018-09-01,A0118150101,90002011,40
2018-09-01,A0118150101,90002013,131
2018-09-01,A0118150101,90002014,49
2018-09-01,A0118150101,90002015,46
2018-09-01,A0118150101,90003179,18
2018-09-01,A0118150101,90005159,10
2018-09-01,A0118150101,90005161,10
2018-09-01,A0118150101,90005162,11
2018-09-01,A0118150101,90006153,6
2018-09-01,A0118150101,90007197,83
2018-09-01,A0118150101,90008165,43
2018-09-01,A0118150101,90008166,6
2018-09-01,A0118150101,90008167,33
2018-09-01,A0118150101,90010045,4
2018-09-01,A0118150101,90010046,7
2018-09-01,A0118150101,90011185,25
2018-09-01,A0118150101,90011186,15
2018-09-01,A0118150101,90011187,28
2018-09-01,A0118150101,90011189,28
2018-09-01,A0118150101,90011190,21
2018-09-01,A0118150101,90011191,34
2018-09-01,A0118150101,90012033,18
2018-09-01,A0118150101,90012034,14
2018-09-01,A0118150101,90012035,20
2018-09-01,A0118150101,90012037,17
2018-09-01,A0118150101,90012038,8
2018-09-01,A0118150101,90012039,4
2018-09-01,A0118150101,90012041,7
2018-09-01,A0118150101,90013117,3
2018-09-01,A0118150101,90013118,14
2018-09-01,A0118150101,90013119,12
2018-09-01,A0118150101,90013121,13
2018-09-01,A0118150101,90013122,21
2018-09-01,A0118150101,90013123,14
2018-09-01,A0118150101,90014135,2
2018-09-01,A0118150101,90014137,2
2018-09-01,A0118150101,90014138,3
2018-09-01,A0118150101,90014139,1
2018-09-01,A0118150101,90014141,1
2018-09-01,A0118150101,90016171,2
2018-09-01,A0118150101,90016173,5
2018-09-01,A0118150101,90016174,1
2018-09-01,A0118150101,90016175,3
2018-09-01,A0118150101,90017049,4
2018-09-01,A0118150101,90017050,7
2018-09-01,A0118150101,90017051,1
2018-09-01,A0118150101,90017053,3
2018-09-01,A0118150101,90017054,5
2018-09-01,A0118150101,90017055,7
2018-09-01,A0118150101,90017057,3
2018-09-01,A0118150101,90017058,4
2018-09-01,A0118150101,90017059,1
2018-09-01,A0118150101,90019201,1
2018-09-01,A0118150101,90019202,1
2018-09-01,A0118150101,90021086,7
2018-09-01,A0118150101,90021087,7
2018-09-01,A0118150101,90021089,15
2018-09-01,A0118150101,90021090,12
2018-09-01,A0118150101,90021091,2
2018-09-01,A0118150101,90021093,16
2018-09-01,A0118150101,90021094,9
2018-09-01,A0118150101,90021095,6
2018-09-01,A0118150101,90022071,50
2018-09-01,A0118150101,90022073,50
2018-09-01,A0118150101,90022074,88
2018-09-01,A0118150101,90022075,39
2018-09-01,A0118150101,90022077,67
2018-09-01,A0118150101,90022078,56
2018-09-01,A0118150101,90022079,23
2018-09-01,A0118150101,90022081,95
2018-09-01,A0118150101,90022082,19
2018-09-01,A0118150101,90022083,74
2018-09-01,A0118150101,90023022,23
2018-09-01,A0118150101,90023023,38
2018-09-01,A0118150101,90023025,21
2018-09-01,A0118150101,90023026,14
